{
    "QLD": [
        [162,"Gympie Arterial Rd",4.9,-27.3177503,153.0128727],
        [164,"Cunningham Hwy",5.2,-27.64579,152.78956],
        [165,"Park/Baroona Rd",3.3,-27.46936,153.00398],
        [166,"Oxley Rd",3.6,-27.53678,152.98219],
        [167,"Sherwood Rd/Muriel Ave",3.8,-27.54142,153.01165],
        [168,"Kessels Rd",4.7,-27.25062,153.01852],
        [170,"Ipswich Rd",4.7,-27.49264,153.03484],
        [171,"Bruce Hwy",4.9,-27.17868,152.98371],
        [172,"Sumners Rd",5.3,-27.5591737,152.9397813],
        [173,"Pacific Mwy/Mandew St",5.4,-27.65479,153.16393],
        [174,"Pacific Mwy/Tora St",5.0,-27.55599,153.0717],
        [175,"Pacific Mwy/Loganlea Rd",5.3,-27.6441612,153.1459074],
        [176,"Donaldson Rd/Ipswich Mwy",5.4,-27.5621481,152.9941047],
        [179,"Ipswich Rd",5.4,-27.4961913,153.0350093],
        [181,"Activity St",5.1,-27.59164,153.03869],
        [182,"Annerley Rd",3.7,-27.49183,153.0274],
        [183,"Bribie Island Rd/Bruce Hwy",5.2,-27.08574,152.97528],
        [184,"Brisbane Rd",5.2,-27.59644,152.83748],
        [185,"Countess St",4.4,-27.4652335,153.015816],
        [186,"Cunningham Hwy",5.1,-27.5969717,152.8359562],
        [188,"National Hwy 15/Cunningham Hwy",5.2,-27.6319209,152.8139601],
        [190,"Main St/Pacific Mwy",3.9,-27.7226924,153.2172851],
        [191,"Vulture St/Pacific Mwy",4.6,-27.4838805,153.0313642],
        [196,"Shafston Ave",4.6,-27.4739545,153.0357757],
        [197,"Strathpine Rd/Gympie Arterial Rd",4.8,-27.318141,153.0129266],
        [200,"Wynnum Rd",4.7,-27.4670562,153.0800113]
    ],
  "VIC": [
    [1,"Mount Duneed Rd",3.2,-38.2349393,144.217468, 0, false],
    [109,"Queens Park Rd",4.2,-38.14981,144.32405, 0, false]
  ],
  "NSW": [

  ]
}